img_name,total_objects,total_area
img_0.tif,23,20220
img_1.tif,24,26811
img_10.tif,10,2309
img_100.tif,122,312618
img_1000.tif,9,10107
img_1001.tif,7,269111
img_1002.tif,0,0
img_1003.tif,11,38638
img_1004.tif,10,52962
img_1005.tif,10,328248
img_1006.tif,0,0
img_1007.tif,7,9289
img_1008.tif,4,37953
img_1009.tif,19,22884
img_101.tif,3,2839
img_1010.tif,12,383745
img_1011.tif,0,0
img_1012.tif,4,3055
img_1013.tif,2,19227
img_1014.tif,26,41155
img_1015.tif,89,212547
img_1016.tif,57,141549
img_1017.tif,116,345508
img_1018.tif,2,2404
img_1019.tif,41,139227
img_102.tif,117,551870
img_1020.tif,19,21146
img_1021.tif,46,31265
img_1022.tif,110,160493
img_1023.tif,69,354040
img_1024.tif,221,220778
img_1025.tif,85,244209
img_1026.tif,15,24304
img_1027.tif,41,79072
img_1028.tif,122,374881
img_1029.tif,69,171966
img_103.tif,110,308102
img_1030.tif,186,300925
img_1031.tif,0,0
img_1032.tif,6,2795
img_1033.tif,37,29482
img_1034.tif,122,101612
img_1035.tif,10,6262
img_1036.tif,347,542534
img_1037.tif,255,481596
img_1038.tif,157,111488
img_1039.tif,86,53403
img_104.tif,25,20487
img_1040.tif,234,94471
img_1041.tif,592,533993
img_1042.tif,45,33279
img_1043.tif,272,128087
img_1044.tif,49,136240
img_1045.tif,13,35708
img_1046.tif,53,48713
img_1047.tif,127,150441
img_1048.tif,249,355008
img_1049.tif,173,230837
img_105.tif,17,342331
img_1050.tif,1,368
img_1051.tif,40,28754
img_1052.tif,58,44327
img_1053.tif,288,490139
img_1054.tif,374,339952
img_1055.tif,66,56804
img_1056.tif,37,36635
img_1057.tif,251,213333
img_1058.tif,7,2509
img_1059.tif,399,296461
img_106.tif,14,329082
img_1060.tif,56,12647
img_1061.tif,352,192759
img_1062.tif,686,271791
img_1063.tif,377,129953
img_1064.tif,217,108307
img_1065.tif,95,146739
img_1066.tif,1,15
img_1067.tif,19,25651
img_1068.tif,42,78637
img_1069.tif,145,379058
img_107.tif,27,41968
img_1070.tif,202,83967
img_1071.tif,97,59045
img_1072.tif,23,8835
img_1073.tif,67,30845
img_1074.tif,324,234698
img_1075.tif,140,93290
img_1076.tif,248,446838
img_1077.tif,301,440091
img_1078.tif,7,3443
img_1079.tif,98,59615
img_108.tif,6,2181
img_1080.tif,3,703
img_1081.tif,76,25829
img_1082.tif,275,361935
img_1083.tif,238,70051
img_1084.tif,77,39212
img_1085.tif,12,267515
img_1086.tif,2,1873
img_1087.tif,10,258830
img_1088.tif,0,0
img_1089.tif,43,16210
img_109.tif,15,37616
img_1090.tif,54,371737
img_1091.tif,23,4830
img_1092.tif,76,37386
img_1093.tif,29,382537
img_1094.tif,96,533564
img_1095.tif,177,334388
img_1096.tif,70,38175
img_1097.tif,72,40186
img_1098.tif,41,35345
img_1099.tif,35,16105
img_11.tif,92,60311
img_110.tif,1,22
img_1100.tif,90,392885
img_1101.tif,14,12653
img_1102.tif,33,239926
img_1103.tif,19,56893
img_1104.tif,1,662
img_1105.tif,6,5397
img_1106.tif,0,0
img_1107.tif,0,0
img_1108.tif,1,256822
img_1109.tif,1,158
img_111.tif,132,440073
img_1110.tif,1,6
img_1111.tif,31,272796
img_1112.tif,50,28504
img_1113.tif,2,640
img_1114.tif,19,7710
img_1115.tif,39,282547
img_1116.tif,10,5047
img_1117.tif,5,511
img_1118.tif,0,0
img_1119.tif,22,34778
img_112.tif,105,357549
img_1120.tif,34,286376
img_1121.tif,41,301689
img_1122.tif,30,21285
img_1123.tif,1,645
img_1124.tif,0,0
img_1125.tif,123,393230
img_1126.tif,102,347350
img_1127.tif,9,2528
img_1128.tif,3,842
img_1129.tif,78,50812
img_113.tif,8,1802
img_1130.tif,7,12666
img_1131.tif,108,183669
img_1132.tif,1,2082
img_1133.tif,123,239817
img_1134.tif,34,29242
img_1135.tif,24,10882
img_1136.tif,12,4157
img_1137.tif,0,0
img_1138.tif,12,3852
img_1139.tif,18,263210
img_114.tif,11,2575
img_1140.tif,5,5896
img_1141.tif,12,17406
img_1142.tif,11,5397
img_1143.tif,5,4620
img_1144.tif,19,313648
img_1145.tif,84,34659
img_1146.tif,35,17577
img_1147.tif,2,238
img_1148.tif,102,307756
img_1149.tif,90,27675
img_115.tif,12,285728
img_1150.tif,151,334627
img_1151.tif,1,769
img_1152.tif,4,2099
img_1153.tif,33,15306
img_1154.tif,164,346313
img_1155.tif,167,313774
img_1156.tif,159,331121
img_1157.tif,51,12065
img_1158.tif,8,1941
img_1159.tif,71,26365
img_116.tif,0,0
img_1160.tif,46,274616
img_1161.tif,47,15778
img_1162.tif,2,179
img_1163.tif,26,26369
img_1164.tif,3,1365
img_1165.tif,21,292550
img_1166.tif,5,6767
img_1167.tif,12,15231
img_1168.tif,15,10793
img_1169.tif,27,173659
img_117.tif,4,1062
img_1170.tif,46,154081
img_1171.tif,90,324348
img_1172.tif,40,58808
img_1173.tif,6,2756
img_1174.tif,153,113113
img_1175.tif,48,193758
img_1176.tif,24,42520
img_1177.tif,106,427567
img_1178.tif,29,279594
img_1179.tif,33,26665
img_118.tif,2,858
img_1180.tif,271,426368
img_1181.tif,199,114512
img_1182.tif,3,1432
img_1183.tif,237,377147
img_1184.tif,44,39602
img_1185.tif,405,413989
img_1186.tif,348,412776
img_1187.tif,251,103334
img_1188.tif,7,1698
img_1189.tif,21,4855
img_119.tif,8,1731
img_1190.tif,5,3490
img_1191.tif,9,261389
img_1192.tif,5,2360
img_1193.tif,0,0
img_1194.tif,4,256717
img_1195.tif,19,517933
img_1196.tif,1,3
img_1197.tif,6,2531
img_1198.tif,7,7919
img_1199.tif,41,35049
img_12.tif,29,402497
img_120.tif,11,340254
img_1200.tif,20,52197
img_1201.tif,50,363199
img_1202.tif,7,18082
img_1203.tif,25,64294
img_1204.tif,43,42735
img_1205.tif,83,359846
img_1206.tif,68,539763
img_1207.tif,46,137925
img_1208.tif,7,6221
img_1209.tif,11,3373
img_121.tif,5,341693
img_1210.tif,97,112213
img_1211.tif,83,125579
img_1212.tif,126,438228
img_1213.tif,62,84699
img_1214.tif,2,3117
img_1215.tif,11,335880
img_1216.tif,1,981
img_1217.tif,4,6065
img_1218.tif,2,1190
img_1219.tif,17,44576
img_122.tif,4,8616
img_1220.tif,99,378566
img_1221.tif,45,64696
img_1222.tif,2,857
img_1223.tif,63,138333
img_1224.tif,60,93986
img_1225.tif,1,274
img_1226.tif,3,1320
img_1227.tif,37,321627
img_1228.tif,16,274414
img_1229.tif,15,11157
img_123.tif,1,380
img_1230.tif,85,334743
img_1231.tif,6,5861
img_1232.tif,19,9915
img_1233.tif,7,4226
img_1234.tif,75,55608
img_1235.tif,80,375089
img_1236.tif,47,324241
img_1237.tif,15,12488
img_1238.tif,6,2192
img_1239.tif,0,0
img_124.tif,1,356
img_1240.tif,204,390057
img_1241.tif,28,44683
img_1242.tif,69,76344
img_1243.tif,0,0
img_1244.tif,37,40160
img_1245.tif,9,282958
img_1246.tif,11,55847
img_1247.tif,1,9111
img_1248.tif,1,154
img_1249.tif,5,1958
img_125.tif,7,258170
img_1250.tif,76,100453
img_1251.tif,64,386498
img_1252.tif,0,0
img_1253.tif,7,36322
img_1254.tif,45,504991
img_1255.tif,141,157638
img_1256.tif,0,0
img_1257.tif,125,178146
img_1258.tif,11,6116
img_1259.tif,71,51496
img_126.tif,2,502
img_1260.tif,110,245652
img_1261.tif,55,328449
img_1262.tif,152,42342
img_1263.tif,309,382350
img_1264.tif,43,9542
img_1265.tif,26,317229
img_1266.tif,30,12140
img_1267.tif,13,4878
img_1268.tif,62,34980
img_1269.tif,81,332776
img_127.tif,10,316788
img_1270.tif,99,99535
img_1271.tif,1,547
img_1272.tif,223,588331
img_1273.tif,207,465020
img_1274.tif,9,6334
img_1275.tif,74,37229
img_1276.tif,384,529526
img_1277.tif,105,79119
img_1278.tif,1,101
img_1279.tif,214,400626
img_128.tif,8,147894
img_1280.tif,247,448576
img_1281.tif,75,41247
img_1282.tif,10,5566
img_1283.tif,250,168403
img_1284.tif,345,462578
img_1285.tif,12,266326
img_1286.tif,2,741
img_1287.tif,0,0
img_1288.tif,0,0
img_1289.tif,4,4076
img_129.tif,5,266
img_1290.tif,13,518244
img_1291.tif,6,3107
img_1292.tif,7,5767
img_1293.tif,0,0
img_1294.tif,8,99901
img_1295.tif,9,262569
img_1296.tif,24,51240
img_1297.tif,4,3355
img_1298.tif,3,2290
img_1299.tif,2,4195
img_13.tif,32,74912
img_130.tif,55,349077
img_1300.tif,10,719081
img_1301.tif,0,0
img_1302.tif,9,609774
img_1303.tif,2,65456
img_1304.tif,6,224366
img_1305.tif,36,620598
img_1306.tif,23,125300
img_1307.tif,6,9056
img_1308.tif,32,585733
img_1309.tif,1,66
img_131.tif,57,39445
img_1310.tif,17,40337
img_1311.tif,16,8690
img_1312.tif,9,586799
img_1313.tif,0,0
img_1314.tif,0,0
img_1315.tif,9,692108
img_1316.tif,1,314
img_1317.tif,0,0
img_1318.tif,0,0
img_1319.tif,10,451007
img_132.tif,46,19112
img_1320.tif,0,0
img_1321.tif,59,530218
img_1322.tif,41,83636
img_1323.tif,30,104550
img_1324.tif,13,29714
img_1325.tif,127,83388
img_1326.tif,20,13673
img_1327.tif,16,5420
img_1328.tif,199,448076
img_1329.tif,70,25880
img_133.tif,63,39274
img_1330.tif,0,0
img_1331.tif,22,30599
img_1332.tif,10,273760
img_1333.tif,1,225
img_1334.tif,15,268423
img_1335.tif,12,12239
img_1336.tif,1,127
img_1337.tif,70,28816
img_1338.tif,110,308256
img_1339.tif,102,308532
img_134.tif,5,1755
img_1340.tif,0,0
img_1341.tif,4,38580
img_1342.tif,28,383197
img_1343.tif,28,299315
img_1344.tif,5,3266
img_1345.tif,22,20357
img_1346.tif,17,359495
img_1347.tif,0,0
img_1348.tif,7,10307
img_1349.tif,4,377779
img_135.tif,15,357580
img_1350.tif,21,302786
img_1351.tif,0,0
img_1352.tif,58,301256
img_1353.tif,46,295366
img_1354.tif,3,2736
img_1355.tif,21,309537
img_1356.tif,17,34300
img_1357.tif,7,16143
img_1358.tif,3,2304
img_1359.tif,0,0
img_136.tif,3,3424
img_1360.tif,0,0
img_1361.tif,12,261850
img_1362.tif,1,322
img_1363.tif,26,294839
img_1364.tif,13,268347
img_1365.tif,41,334368
img_1366.tif,3,344
img_1367.tif,50,43508
img_1368.tif,50,29492
img_1369.tif,3,7390
img_137.tif,30,508846
img_1370.tif,75,430537
img_1371.tif,5,6006
img_1372.tif,52,63103
img_1373.tif,50,76742
img_1374.tif,85,436973
img_1375.tif,11,436297
img_1376.tif,5,5437
img_1377.tif,0,0
img_1378.tif,2,441
img_1379.tif,16,266147
img_138.tif,1,295
img_1380.tif,179,249627
img_1381.tif,26,317576
img_1382.tif,4,50572
img_1383.tif,5,1438
img_1384.tif,25,294168
img_1385.tif,18,274623
img_1386.tif,0,0
img_1387.tif,10,7795
img_1388.tif,5,3194
img_1389.tif,41,294850
img_139.tif,39,24641
img_1390.tif,82,320985
img_1391.tif,7,9747
img_1392.tif,25,16880
img_1393.tif,50,292505
img_1394.tif,1,688
img_1395.tif,0,0
img_1396.tif,0,0
img_1397.tif,8,5021
img_1398.tif,142,102665
img_1399.tif,18,17576
img_14.tif,38,17728
img_140.tif,2,5977
img_1400.tif,92,227114
img_1401.tif,48,51477
img_1402.tif,5,3773
img_1403.tif,0,0
img_1404.tif,65,93001
img_1405.tif,52,360665
img_1406.tif,32,61570
img_1407.tif,4,2425
img_1408.tif,15,17703
img_1409.tif,0,0
img_141.tif,21,46300
img_1410.tif,3,4278
img_1411.tif,14,418054
img_1412.tif,0,0
img_1413.tif,5,30093
img_1414.tif,6,11023
img_1415.tif,61,276970
img_1416.tif,9,4053
img_1417.tif,22,23798
img_1418.tif,3,1441
img_1419.tif,8,1326
img_142.tif,18,28274
img_1420.tif,9,259776
img_1421.tif,24,26946
img_1422.tif,21,13373
img_1423.tif,0,0
img_1424.tif,2,4
img_1425.tif,68,289893
img_1426.tif,22,35894
img_1427.tif,36,17603
img_1428.tif,66,295129
img_1429.tif,0,0
img_143.tif,34,66873
img_1430.tif,23,318450
img_1431.tif,11,15288
img_1432.tif,3,3329
img_1433.tif,1,1356
img_1434.tif,30,312039
img_1435.tif,9,259787
img_1436.tif,21,282392
img_1437.tif,13,11490
img_1438.tif,3,4361
img_1439.tif,31,45068
img_144.tif,8,281023
img_1440.tif,0,0
img_1441.tif,10,339015
img_1442.tif,15,13481
img_1443.tif,17,24061
img_1444.tif,8,101321
img_1445.tif,7,260041
img_1446.tif,0,0
img_1447.tif,2,933
img_1448.tif,1,56
img_1449.tif,19,16794
img_145.tif,0,0
img_1450.tif,5,29525
img_1451.tif,11,321499
img_1452.tif,0,0
img_1453.tif,2,603
img_1454.tif,9,31813
img_1455.tif,0,0
img_1456.tif,2,261464
img_1457.tif,0,0
img_1458.tif,8,7594
img_1459.tif,25,43341
img_146.tif,8,265976
img_1460.tif,13,384441
img_1461.tif,1,41
img_1462.tif,19,18655
img_1463.tif,25,138343
img_1464.tif,2,36259
img_1465.tif,17,273523
img_1466.tif,2,1302
img_1467.tif,8,11135
img_1468.tif,19,274513
img_1469.tif,11,99737
img_147.tif,52,71514
img_1470.tif,0,0
img_1471.tif,8,16181
img_1472.tif,6,36504
img_1473.tif,7,343959
img_1474.tif,3,261928
img_1475.tif,35,14764
img_1476.tif,30,18978
img_1477.tif,86,332378
img_1478.tif,58,289326
img_1479.tif,2,2229
img_148.tif,9,7634
img_1480.tif,11,299720
img_1481.tif,1,12
img_1482.tif,2,1937
img_1483.tif,1,185
img_1484.tif,12,280612
img_1485.tif,9,265942
img_1486.tif,13,8336
img_1487.tif,0,0
img_1488.tif,0,0
img_1489.tif,5,263339
img_149.tif,19,49374
img_1490.tif,75,284919
img_1491.tif,3,2443
img_1492.tif,23,13936
img_1493.tif,32,27012
img_1494.tif,68,288264
img_1495.tif,21,278754
img_1496.tif,28,60644
img_1497.tif,32,25744
img_1498.tif,21,28804
img_1499.tif,6,4661
img_15.tif,37,3526
img_150.tif,103,303415
img_1500.tif,16,326631
img_1501.tif,4,2119
img_1502.tif,1,192
img_1503.tif,22,310782
img_1504.tif,2,56
img_1505.tif,8,6176
img_1506.tif,1,256715
img_1507.tif,5,3293
img_1508.tif,4,231649
img_1509.tif,12,282362
img_151.tif,40,21703
img_1510.tif,14,312200
img_1511.tif,1,245
img_1512.tif,1,7073
img_1513.tif,8,10514
img_1514.tif,40,22917
img_1515.tif,159,368410
img_1516.tif,79,30594
img_1517.tif,107,46783
img_1518.tif,2,647
img_1519.tif,168,361405
img_152.tif,14,4047
img_1520.tif,81,32597
img_1521.tif,163,415826
img_1522.tif,51,17040
img_1523.tif,51,406105
img_1524.tif,0,0
img_1525.tif,39,32184
img_1526.tif,23,16685
img_1527.tif,2,648
img_1528.tif,79,385285
img_1529.tif,63,396564
img_153.tif,72,288646
img_1530.tif,103,107177
img_1531.tif,7,22855
img_1532.tif,93,102430
img_1533.tif,130,396310
img_1534.tif,50,49164
img_1535.tif,19,13677
img_1536.tif,119,304224
img_1537.tif,119,312293
img_1538.tif,64,60774
img_1539.tif,107,76618
img_154.tif,22,27675
img_1540.tif,128,90804
img_1541.tif,129,100783
img_1542.tif,72,62122
img_1543.tif,2,475
img_1544.tif,199,141616
img_1545.tif,90,197792
img_1546.tif,99,251911
img_1547.tif,55,141582
img_1548.tif,88,185489
img_1549.tif,57,19929
img_155.tif,15,4482
img_1550.tif,1,229
img_1551.tif,29,5394
img_1552.tif,102,318985
img_1553.tif,62,390079
img_1554.tif,45,342669
img_1555.tif,76,197239
img_1556.tif,5,7129
img_1557.tif,0,0
img_1558.tif,109,164397
img_1559.tif,84,78940
img_156.tif,16,294343
img_1560.tif,94,68591
img_1561.tif,145,96724
img_1562.tif,72,35413
img_1563.tif,201,203603
img_1564.tif,209,160929
img_1565.tif,63,215590
img_1566.tif,8,7892
img_1567.tif,38,34261
img_1568.tif,31,9119
img_1569.tif,0,0
img_157.tif,2,10390
img_1570.tif,144,128764
img_1571.tif,140,56189
img_1572.tif,149,72179
img_1573.tif,6,11757
img_1574.tif,57,23673
img_1575.tif,70,207651
img_1576.tif,64,476436
img_1577.tif,49,124203
img_1578.tif,1,406
img_1579.tif,9,3644
img_158.tif,14,297259
img_1580.tif,56,320335
img_1581.tif,38,51132
img_1582.tif,9,20988
img_1583.tif,115,79589
img_1584.tif,14,9008
img_1585.tif,4,1150
img_1586.tif,134,174825
img_1587.tif,57,114112
img_1588.tif,103,107880
img_1589.tif,0,0
img_159.tif,10,41136
img_1590.tif,80,53557
img_1591.tif,74,176776
img_1592.tif,12,9290
img_1593.tif,99,158030
img_1594.tif,68,69492
img_1595.tif,172,117810
img_1596.tif,151,64855
img_1597.tif,58,31214
img_1598.tif,81,70195
img_1599.tif,107,42760
img_16.tif,19,301080
img_160.tif,90,355689
img_1600.tif,14,8083
img_1601.tif,0,0
img_1602.tif,4,1960
img_1603.tif,298,500245
img_1604.tif,0,0
img_1605.tif,53,322824
img_1606.tif,30,14940
img_1607.tif,66,37415
img_1608.tif,72,73985
img_1609.tif,41,21045
img_161.tif,9,9828
img_1610.tif,93,292913
img_1611.tif,64,67695
img_1612.tif,133,66718
img_1613.tif,9,970
img_1614.tif,94,323760
img_1615.tif,145,366324
img_1616.tif,65,220502
img_1617.tif,90,57802
img_1618.tif,64,42678
img_1619.tif,32,15014
img_162.tif,0,0
img_1620.tif,81,100134
img_1621.tif,31,14119
img_1622.tif,111,275254
img_1623.tif,14,7054
img_1624.tif,72,470954
img_1625.tif,24,16679
img_1626.tif,88,291664
img_1627.tif,2,9379
img_1628.tif,73,322524
img_1629.tif,12,91514
img_163.tif,44,45380
img_1630.tif,26,275134
img_1631.tif,21,330810
img_1632.tif,25,28242
img_1633.tif,60,333296
img_1634.tif,43,85227
img_1635.tif,143,191189
img_1636.tif,2,63
img_1637.tif,10,75082
img_1638.tif,27,9126
img_1639.tif,15,37631
img_164.tif,34,17759
img_1640.tif,79,16521
img_1641.tif,9,5537
img_1642.tif,118,35931
img_1643.tif,257,330516
img_1644.tif,0,0
img_1645.tif,90,187284
img_1646.tif,3,1650
img_1647.tif,37,360323
img_1648.tif,45,446271
img_1649.tif,97,94752
img_165.tif,22,324941
img_1650.tif,46,43272
img_1651.tif,105,148979
img_1652.tif,146,127233
img_1653.tif,150,105950
img_1654.tif,100,387489
img_1655.tif,32,41374
img_1656.tif,100,89612
img_1657.tif,75,81158
img_1658.tif,131,396551
img_1659.tif,144,417693
img_166.tif,8,3010
img_1660.tif,134,60488
img_1661.tif,128,69966
img_1662.tif,8,1590
img_1663.tif,170,489690
img_1664.tif,63,35576
img_1665.tif,43,11330
img_1666.tif,78,63512
img_1667.tif,118,175483
img_1668.tif,54,20127
img_1669.tif,12,289411
img_167.tif,11,33005
img_1670.tif,78,60922
img_1671.tif,6,2233
img_1672.tif,139,123622
img_1673.tif,108,122773
img_1674.tif,106,376235
img_1675.tif,104,175455
img_1676.tif,55,65376
img_1677.tif,90,47465
img_1678.tif,14,8056
img_1679.tif,21,5379
img_168.tif,14,7822
img_1680.tif,4,353
img_1681.tif,43,288685
img_1682.tif,38,10587
img_1683.tif,48,51314
img_1684.tif,40,50915
img_1685.tif,82,303096
img_1686.tif,91,297018
img_1687.tif,85,297835
img_1688.tif,31,13049
img_1689.tif,3,126
img_169.tif,5,40621
img_1690.tif,35,59666
img_1691.tif,0,0
img_1692.tif,24,23231
img_1693.tif,3,664
img_1694.tif,83,301396
img_1695.tif,121,189362
img_1696.tif,51,12785
img_1697.tif,0,0
img_1698.tif,51,601821
img_1699.tif,166,209679
img_17.tif,17,258766
img_170.tif,16,263611
img_1700.tif,32,27579
img_1701.tif,50,83199
img_1702.tif,125,320284
img_1703.tif,35,33490
img_1704.tif,25,32613
img_1705.tif,97,117136
img_1706.tif,112,367361
img_1707.tif,164,110967
img_1708.tif,47,48743
img_1709.tif,8,1342
img_171.tif,32,57085
img_1710.tif,40,30768
img_1711.tif,107,105090
img_1712.tif,86,83829
img_1713.tif,67,74445
img_1714.tif,120,460281
img_1715.tif,111,325068
img_1716.tif,98,118216
img_1717.tif,35,47430
img_1718.tif,82,50453
img_1719.tif,98,84433
img_172.tif,11,6833
img_1720.tif,16,336168
img_1721.tif,177,370107
img_1722.tif,60,7692
img_1723.tif,203,52330
img_1724.tif,3,1730
img_1725.tif,85,55248
img_1726.tif,10,6133
img_1727.tif,125,441557
img_1728.tif,201,404703
img_1729.tif,102,46234
img_173.tif,11,5562
img_1730.tif,3,1513
img_1731.tif,16,64144
img_1732.tif,84,50073
img_1733.tif,64,54579
img_1734.tif,72,314522
img_1735.tif,132,146787
img_1736.tif,127,145775
img_1737.tif,143,81355
img_1738.tif,2,6
img_1739.tif,0,0
img_174.tif,11,4755
img_1740.tif,74,45293
img_1741.tif,48,21260
img_1742.tif,74,49148
img_1743.tif,112,156914
img_1744.tif,1,76
img_1745.tif,108,246472
img_1746.tif,18,17240
img_1747.tif,42,19051
img_1748.tif,132,153135
img_1749.tif,89,257166
img_175.tif,33,141723
img_1750.tif,59,38267
img_1751.tif,182,244966
img_1752.tif,113,79835
img_1753.tif,18,20618
img_1754.tif,80,96140
img_1755.tif,136,454288
img_1756.tif,84,31783
img_1757.tif,105,204583
img_1758.tif,110,51629
img_1759.tif,36,26397
img_176.tif,7,8122
img_1760.tif,127,213868
img_1761.tif,74,51019
img_1762.tif,63,56421
img_1763.tif,78,82621
img_1764.tif,92,137001
img_1765.tif,113,481890
img_1766.tif,61,45035
img_1767.tif,100,83888
img_1768.tif,118,113439
img_1769.tif,29,24271
img_177.tif,4,687
img_1770.tif,100,417153
img_1771.tif,46,164281
img_1772.tif,21,12467
img_1773.tif,72,327576
img_1774.tif,54,150370
img_1775.tif,26,9643
img_1776.tif,27,24688
img_1777.tif,186,139727
img_1778.tif,22,7584
img_1779.tif,126,412119
img_178.tif,20,16381
img_1780.tif,110,74945
img_1781.tif,138,84990
img_1782.tif,68,439342
img_1783.tif,116,54556
img_1784.tif,8,2092
img_1785.tif,37,230950
img_1786.tif,9,50063
img_1787.tif,0,0
img_1788.tif,38,95184
img_1789.tif,60,319850
img_179.tif,18,17576
img_1790.tif,76,64876
img_1791.tif,19,14731
img_1792.tif,30,271504
img_1793.tif,0,0
img_1794.tif,19,9199
img_1795.tif,73,64026
img_1796.tif,107,420701
img_1797.tif,76,398489
img_1798.tif,14,15467
img_1799.tif,2,362
img_18.tif,7,510995
img_180.tif,14,345376
img_1800.tif,120,410193
img_1801.tif,119,480492
img_1802.tif,73,96177
img_1803.tif,16,10678
img_1804.tif,0,0
img_1805.tif,0,0
img_1806.tif,8,7177
img_1807.tif,106,197542
img_1808.tif,90,170391
img_1809.tif,86,113372
img_181.tif,0,0
img_1810.tif,108,195344
img_1811.tif,37,40382
img_1812.tif,41,80384
img_1813.tif,4,11380
img_1814.tif,0,0
img_1815.tif,3,283
img_1816.tif,43,25789
img_1817.tif,103,138664
img_1818.tif,102,229970
img_1819.tif,62,43290
img_182.tif,2,900
img_1820.tif,38,30942
img_1821.tif,88,64603
img_1822.tif,25,9210
img_1823.tif,70,36777
img_1824.tif,68,312661
img_1825.tif,17,9765
img_1826.tif,4,2080
img_1827.tif,42,36418
img_1828.tif,53,386501
img_1829.tif,29,290131
img_183.tif,29,348710
img_1830.tif,49,68359
img_1831.tif,58,39772
img_1832.tif,1,1468
img_1833.tif,57,297733
img_1834.tif,43,21849
img_1835.tif,60,305101
img_1836.tif,23,8383
img_1837.tif,3,190
img_1838.tif,72,307422
img_1839.tif,3,4431
img_184.tif,10,35430
img_1840.tif,84,91562
img_1841.tif,121,79219
img_1842.tif,116,59114
img_1843.tif,118,73039
img_1844.tif,22,29109
img_1845.tif,7,2967
img_1846.tif,127,48828
img_1847.tif,21,71437
img_1848.tif,56,21000
img_1849.tif,77,409391
img_185.tif,3,6125
img_1850.tif,24,196517
img_1851.tif,24,195882
img_1852.tif,7,2847
img_1853.tif,3,257387
img_1854.tif,33,104480
img_1855.tif,2,806
img_1856.tif,48,265225
img_1857.tif,48,260418
img_1858.tif,2,3338
img_1859.tif,9,17034
img_186.tif,7,8164
img_1860.tif,15,33636
img_1861.tif,140,69146
img_1862.tif,170,364779
img_1863.tif,130,62852
img_1864.tif,170,345574
img_1865.tif,6,1747
img_1866.tif,58,24726
img_1867.tif,135,58089
img_1868.tif,109,35800
img_1869.tif,180,334269
img_187.tif,1,2
img_1870.tif,84,158270
img_1871.tif,0,0
img_1872.tif,24,22163
img_1873.tif,24,19536
img_1874.tif,43,85987
img_1875.tif,66,32116
img_1876.tif,171,366687
img_1877.tif,0,0
img_1878.tif,3,23560
img_1879.tif,83,285214
img_188.tif,6,265253
img_1880.tif,2,1732
img_1881.tif,48,20125
img_1882.tif,101,138972
img_1883.tif,139,189378
img_1884.tif,99,206395
img_1885.tif,86,259609
img_1886.tif,68,18473
img_1887.tif,94,53448
img_1888.tif,4,307
img_1889.tif,66,416031
img_189.tif,41,56126
img_1890.tif,0,0
img_1891.tif,15,2980
img_1892.tif,34,25482
img_1893.tif,214,417966
img_1894.tif,3,273
img_1895.tif,28,23362
img_1896.tif,14,14475
img_1897.tif,17,4265
img_1898.tif,34,5898
img_1899.tif,35,280065
img_19.tif,57,6415
img_190.tif,3,124339
img_1900.tif,120,188639
img_1901.tif,71,75244
img_1902.tif,59,15501
img_1903.tif,100,88743
img_1904.tif,108,100946
img_1905.tif,44,191412
img_1906.tif,123,171465
img_1907.tif,37,15930
img_1908.tif,89,396996
img_1909.tif,24,31032
img_191.tif,1,672
img_1910.tif,153,589993
img_1911.tif,20,6473
img_1912.tif,152,144308
img_1913.tif,133,189593
img_1914.tif,75,284171
img_1915.tif,252,140738
img_1916.tif,19,5489
img_1917.tif,10,1168
img_1918.tif,140,404189
img_1919.tif,59,58638
img_192.tif,0,0
img_1920.tif,122,172983
img_1921.tif,3,21466
img_1922.tif,17,29215
img_1923.tif,107,132882
img_1924.tif,119,208057
img_1925.tif,84,88242
img_1926.tif,20,5109
img_1927.tif,0,0
img_1928.tif,3,21996
img_1929.tif,5,345111
img_193.tif,1,256671
img_1930.tif,6,423
img_1931.tif,1,774
img_1932.tif,22,279835
img_1933.tif,1,539
img_1934.tif,49,18383
img_1935.tif,91,80507
img_1936.tif,28,330255
img_1937.tif,104,64829
img_1938.tif,23,3552
img_1939.tif,16,4409
img_194.tif,13,15916
img_1940.tif,41,284969
img_1941.tif,8,2201
img_1942.tif,50,302020
img_1943.tif,51,22745
img_1944.tif,40,10141
img_1945.tif,95,124551
img_1946.tif,26,16864
img_1947.tif,107,344046
img_1948.tif,81,60523
img_1949.tif,101,153044
img_195.tif,55,354675
img_1950.tif,17,8295
img_1951.tif,54,132160
img_1952.tif,9,7298
img_1953.tif,109,199774
img_1954.tif,117,202077
img_1955.tif,5,3503
img_1956.tif,75,86641
img_1957.tif,99,85160
img_1958.tif,63,27362
img_1959.tif,162,121026
img_196.tif,69,361399
img_1960.tif,39,85119
img_1961.tif,134,212718
img_1962.tif,91,69847
img_1963.tif,163,458662
img_1964.tif,88,97422
img_1965.tif,125,58359
img_1966.tif,25,16731
img_1967.tif,77,47943
img_1968.tif,38,31725
img_1969.tif,174,429364
img_197.tif,49,36272
img_1970.tif,118,150088
img_1971.tif,19,35115
img_1972.tif,22,75005
img_1973.tif,26,351846
img_1974.tif,1,395
img_1975.tif,2,122
img_1976.tif,3,1139
img_1977.tif,10,261563
img_1978.tif,1,390
img_1979.tif,8,254928
img_198.tif,9,5258
img_1980.tif,30,561275
img_1981.tif,2,635
img_1982.tif,26,34358
img_1983.tif,41,550667
img_1984.tif,0,0
img_1985.tif,13,3296
img_1986.tif,130,66922
img_1987.tif,211,452007
img_1988.tif,171,356982
img_1989.tif,40,15751
img_199.tif,17,9926
img_1990.tif,18,21810
img_1991.tif,12,5684
img_1992.tif,6,8444
img_1993.tif,53,410081
img_1994.tif,68,371849
img_1995.tif,0,0
img_1996.tif,0,0
img_1997.tif,0,0
img_1998.tif,27,341725
img_1999.tif,28,353516
img_2.tif,25,7615
img_20.tif,31,4402
img_200.tif,10,3865
img_2000.tif,69,349172
img_2001.tif,4,6143
img_2002.tif,53,343836
img_2003.tif,3,3281
img_2004.tif,3,159
img_2005.tif,7,17113
img_2006.tif,13,6547
img_2007.tif,5,15923
img_2008.tif,8,260291
img_2009.tif,4,118140
img_201.tif,51,47384
img_2010.tif,21,7792
img_2011.tif,48,299156
img_2012.tif,2,986
img_2013.tif,61,295196
img_2014.tif,2,1016
img_2015.tif,4,257137
img_2016.tif,1,37
img_2017.tif,2,82915
img_2018.tif,8,532454
img_2019.tif,8,248354
img_202.tif,20,5954
img_2020.tif,6,7082
img_2021.tif,94,317048
img_2022.tif,14,15101
img_2023.tif,92,454650
img_2024.tif,3,1967
img_2025.tif,40,26990
img_2026.tif,104,314947
img_2027.tif,8,3309
img_2028.tif,100,318126
img_2029.tif,1,53
img_203.tif,1,214
img_2030.tif,17,603760
img_2031.tif,9,8337
img_2032.tif,12,288155
img_2033.tif,5,281758
img_2034.tif,3,4584
img_2035.tif,8,5418
img_2036.tif,99,340789
img_2037.tif,95,336705
img_2038.tif,38,21418
img_2039.tif,11,3961
img_204.tif,186,442138
img_2040.tif,0,0
img_2041.tif,43,284937
img_2042.tif,3,858
img_2043.tif,40,20745
img_2044.tif,14,15548
img_2045.tif,77,397125
img_2046.tif,17,262806
img_2047.tif,1,177
img_2048.tif,0,0
img_2049.tif,10,8354
img_205.tif,25,21751
img_2050.tif,0,0
img_2051.tif,5,22109
img_2052.tif,19,244139
img_2053.tif,10,14509
img_2054.tif,12,256826
img_2055.tif,10,1946
img_2056.tif,0,0
img_2057.tif,31,53296
img_2058.tif,77,408106
img_2059.tif,4,2892
img_206.tif,11,366818
img_2060.tif,201,363744
img_2061.tif,58,334717
img_2062.tif,2,963
img_2063.tif,72,77124
img_2064.tif,5,718
img_2065.tif,58,313205
img_2066.tif,9,2652
img_2067.tif,0,0
img_2068.tif,11,9473
img_2069.tif,4,5315
img_207.tif,1,14
img_2070.tif,39,274083
img_2071.tif,6,4132
img_2072.tif,117,372168
img_2073.tif,33,258488
img_2074.tif,8,10426
img_2075.tif,19,10671
img_2076.tif,30,12418
img_2077.tif,58,273861
img_2078.tif,1,1835
img_2079.tif,7,3041
img_208.tif,7,3689
img_2080.tif,13,40358
img_2081.tif,1,777
img_2082.tif,18,310237
img_2083.tif,6,5070
img_2084.tif,10,24447
img_2085.tif,7,379
img_2086.tif,76,312373
img_2087.tif,37,33301
img_2088.tif,14,2495
img_2089.tif,35,22331
img_209.tif,0,0
img_2090.tif,14,33125
img_2091.tif,71,22358
img_2092.tif,1,695
img_2093.tif,149,334018
img_2094.tif,167,358857
img_2095.tif,31,19194
img_2096.tif,225,418808
img_2097.tif,66,309313
img_2098.tif,26,9464
img_2099.tif,9,8724
img_21.tif,32,151547
img_210.tif,3,257560
img_2100.tif,0,0
img_2101.tif,30,300504
img_2102.tif,49,271152
img_2103.tif,45,12207
img_2104.tif,1,2308
img_2105.tif,69,287908
img_2106.tif,0,0
img_2107.tif,3,7925
img_2108.tif,0,0
img_2109.tif,0,0
img_211.tif,6,259734
img_2110.tif,21,215940
img_2111.tif,66,399677
img_2112.tif,124,457879
img_2113.tif,11,3850
img_2114.tif,12,3711
img_2115.tif,0,0
img_2116.tif,9,8249
img_2117.tif,40,363715
img_2118.tif,6,4672
img_2119.tif,0,0
img_212.tif,11,26999
img_2120.tif,134,415991
img_2121.tif,10,9069
img_2122.tif,48,43276
img_2123.tif,0,0
img_2124.tif,24,24800
img_2125.tif,29,405393
img_2126.tif,10,20276
img_2127.tif,29,45547
img_2128.tif,2,1454
img_2129.tif,5,8436
img_213.tif,11,43169
img_2130.tif,25,305994
img_2131.tif,0,0
img_2132.tif,0,0
img_2133.tif,0,0
img_2134.tif,1,256717
img_2135.tif,124,378421
img_2136.tif,0,0
img_2137.tif,13,11838
img_2138.tif,6,7078
img_2139.tif,24,12371
img_214.tif,1,74
img_2140.tif,82,345406
img_2141.tif,28,24394
img_2142.tif,32,242861
img_2143.tif,1,1947
img_2144.tif,2,52
img_2145.tif,1,3
img_2146.tif,8,293898
img_2147.tif,1,19565
img_2148.tif,4,272927
img_2149.tif,8,6336
img_215.tif,32,313887
img_2150.tif,38,354894
img_2151.tif,28,283552
img_2152.tif,4,10412
img_2153.tif,7,3794
img_2154.tif,2,3944
img_2155.tif,7,279048
img_2156.tif,3,2695
img_2157.tif,2,1776
img_2158.tif,7,24222
img_2159.tif,2,2324
img_216.tif,17,28205
img_2160.tif,18,286496
img_2161.tif,3,439
img_2162.tif,5,29263
img_2163.tif,0,0
img_2164.tif,7,21052
img_2165.tif,15,328912
img_2166.tif,4,9710
img_2167.tif,4,2298
img_2168.tif,2,209
img_2169.tif,1,197
img_217.tif,16,30358
img_2170.tif,29,273892
img_2171.tif,0,0
img_2172.tif,4,1763
img_2173.tif,19,5724
img_2174.tif,3,1152
img_2175.tif,73,332959
img_2176.tif,17,14362
img_2177.tif,0,0
img_2178.tif,55,323801
img_2179.tif,0,0
img_218.tif,12,17346
img_2180.tif,0,0
img_2181.tif,3,5391
img_2182.tif,10,59103
img_2183.tif,8,275042
img_2184.tif,0,0
img_2185.tif,99,324274
img_2186.tif,3,1249
img_2187.tif,134,435912
img_2188.tif,1,388
img_2189.tif,7,1571
img_219.tif,41,319153
img_2190.tif,1,11133
img_2191.tif,6,285709
img_2192.tif,7,286038
img_2193.tif,5,11152
img_2194.tif,7,1203
img_2195.tif,0,0
img_2196.tif,21,35533
img_2197.tif,36,159607
img_2198.tif,74,246134
img_2199.tif,70,334122
img_22.tif,31,266423
img_220.tif,17,277135
img_221.tif,14,268182
img_222.tif,4,3091
img_223.tif,5,260020
img_224.tif,1,324
img_225.tif,27,458788
img_226.tif,3,11845
img_227.tif,12,127288
img_228.tif,2,4155
img_229.tif,11,24710
img_23.tif,14,281896
img_230.tif,13,5383
img_231.tif,32,96891
img_232.tif,1,328
img_233.tif,57,120763
img_234.tif,48,366316
img_235.tif,14,292811
img_236.tif,15,336812
img_237.tif,5,92228
img_238.tif,10,96953
img_239.tif,0,0
img_24.tif,17,27035
img_240.tif,8,257692
img_241.tif,53,28409
img_242.tif,64,18777
img_243.tif,14,8945
img_244.tif,57,90532
img_245.tif,23,296962
img_246.tif,4,32490
img_247.tif,24,39046
img_248.tif,35,38628
img_249.tif,1,511
img_25.tif,66,17088
img_250.tif,32,96157
img_251.tif,34,51589
img_252.tif,35,64735
img_253.tif,5,6965
img_254.tif,7,315416
img_255.tif,12,19616
img_256.tif,7,281318
img_257.tif,8,28321
img_258.tif,5,9691
img_259.tif,3,22824
img_26.tif,18,264198
img_260.tif,43,297580
img_261.tif,17,10210
img_262.tif,50,44399
img_263.tif,20,8935
img_264.tif,27,18422
img_265.tif,29,265011
img_266.tif,24,284283
img_267.tif,9,196977
img_268.tif,26,270421
img_269.tif,3,823
img_27.tif,51,31033
img_270.tif,11,259298
img_271.tif,0,0
img_272.tif,2,1181
img_273.tif,3,2254
img_274.tif,32,271037
img_275.tif,53,54878
img_276.tif,11,22303
img_277.tif,31,164112
img_278.tif,41,359865
img_279.tif,49,140866
img_28.tif,9,4379
img_280.tif,80,377825
img_281.tif,59,118099
img_282.tif,61,452397
img_283.tif,13,8556
img_284.tif,36,41253
img_285.tif,39,330560
img_286.tif,5,4062
img_287.tif,13,17802
img_288.tif,22,155670
img_289.tif,106,405293
img_29.tif,32,5958
img_290.tif,15,17656
img_291.tif,22,21937
img_292.tif,27,351326
img_293.tif,4,1820
img_294.tif,61,72957
img_295.tif,10,9052
img_296.tif,2,2496
img_297.tif,50,312742
img_298.tif,74,313918
img_299.tif,13,9123
img_3.tif,27,11595
img_30.tif,13,262273
img_300.tif,3,734
img_301.tif,2,236
img_302.tif,14,291762
img_303.tif,18,37475
img_304.tif,3,20124
img_305.tif,11,13018
img_306.tif,18,312577
img_307.tif,15,310476
img_308.tif,10,9057
img_309.tif,3,2503
img_31.tif,29,14515
img_310.tif,8,2496
img_311.tif,14,15361
img_312.tif,12,261410
img_313.tif,31,59835
img_314.tif,14,21246
img_315.tif,1,593
img_316.tif,7,8040
img_317.tif,4,47967
img_318.tif,15,22194
img_319.tif,16,360807
img_32.tif,14,58066
img_320.tif,15,390665
img_321.tif,6,68843
img_322.tif,36,308992
img_323.tif,3,1070
img_324.tif,15,29500
img_325.tif,59,356965
img_326.tif,9,17317
img_327.tif,69,64200
img_328.tif,35,29921
img_329.tif,4,202
img_33.tif,56,26243
img_330.tif,83,218978
img_331.tif,109,514924
img_332.tif,95,449918
img_333.tif,1,482
img_334.tif,120,30157
img_335.tif,107,328378
img_336.tif,114,45782
img_337.tif,40,31092
img_338.tif,3,322
img_339.tif,39,11848
img_34.tif,62,19471
img_340.tif,17,4259
img_341.tif,90,43742
img_342.tif,28,16036
img_343.tif,14,6518
img_344.tif,74,315250
img_345.tif,197,348110
img_346.tif,118,54924
img_347.tif,172,51437
img_348.tif,34,7495
img_349.tif,81,33599
img_35.tif,32,390327
img_350.tif,20,8741
img_351.tif,25,16089
img_352.tif,2,4501
img_353.tif,79,321078
img_354.tif,67,272824
img_355.tif,37,17658
img_356.tif,142,293012
img_357.tif,33,9598
img_358.tif,78,356868
img_359.tif,26,194999
img_36.tif,14,1857
img_360.tif,4,2937
img_361.tif,21,347432
img_362.tif,5,1328
img_363.tif,4,16822
img_364.tif,22,30881
img_365.tif,1,256772
img_366.tif,0,0
img_367.tif,1,256781
img_368.tif,0,0
img_369.tif,0,0
img_37.tif,17,10877
img_370.tif,7,260467
img_371.tif,0,0
img_372.tif,2,1063
img_373.tif,21,266183
img_374.tif,6,4250
img_375.tif,14,401534
img_376.tif,12,7014
img_377.tif,2,3209
img_378.tif,7,267080
img_379.tif,0,0
img_38.tif,29,267645
img_380.tif,6,424045
img_381.tif,90,366197
img_382.tif,14,2227
img_383.tif,29,12408
img_384.tif,59,291052
img_385.tif,22,319865
img_386.tif,18,239698
img_387.tif,24,40528
img_388.tif,8,5978
img_389.tif,12,28139
img_39.tif,1,1349
img_390.tif,30,545384
img_391.tif,33,75079
img_392.tif,34,372032
img_393.tif,53,47170
img_394.tif,0,0
img_395.tif,18,373234
img_396.tif,20,10967
img_397.tif,8,232765
img_398.tif,2,3248
img_399.tif,4,1447
img_4.tif,37,293605
img_40.tif,10,244
img_400.tif,36,221305
img_401.tif,63,237808
img_402.tif,79,33489
img_403.tif,118,52045
img_404.tif,21,61792
img_405.tif,1,567
img_406.tif,12,264714
img_407.tif,23,276376
img_408.tif,2,4802
img_409.tif,11,150377
img_41.tif,16,403445
img_410.tif,26,512601
img_411.tif,8,4813
img_412.tif,11,10026
img_413.tif,5,1717
img_414.tif,10,27906
img_415.tif,22,334843
img_416.tif,2,536
img_417.tif,1,2
img_418.tif,44,328415
img_419.tif,24,40470
img_42.tif,16,3041
img_420.tif,17,37790
img_421.tif,11,4977
img_422.tif,6,6896
img_423.tif,20,7253
img_424.tif,32,310634
img_425.tif,25,390383
img_426.tif,22,35297
img_427.tif,9,7285
img_428.tif,1,232
img_429.tif,20,44137
img_43.tif,17,1740
img_430.tif,19,17182
img_431.tif,27,273820
img_432.tif,8,5034
img_433.tif,5,3481
img_434.tif,22,18176
img_435.tif,9,269848
img_436.tif,4,4922
img_437.tif,7,8269
img_438.tif,13,18462
img_439.tif,1,834
img_44.tif,17,5669
img_440.tif,28,59774
img_441.tif,33,35629
img_442.tif,3,364
img_443.tif,19,6326
img_444.tif,86,194915
img_445.tif,13,263566
img_446.tif,18,22765
img_447.tif,1,256437
img_448.tif,0,0
img_449.tif,8,11933
img_45.tif,40,19206
img_450.tif,5,266776
img_451.tif,7,3788
img_452.tif,8,18769
img_453.tif,51,34792
img_454.tif,39,275965
img_455.tif,17,508404
img_456.tif,0,0
img_457.tif,14,5546
img_458.tif,18,124876
img_459.tif,0,0
img_46.tif,13,1202
img_460.tif,2,6
img_461.tif,2,262418
img_462.tif,32,266081
img_463.tif,0,0
img_464.tif,49,39543
img_465.tif,95,313802
img_466.tif,110,318753
img_467.tif,4,2103
img_468.tif,0,0
img_469.tif,48,30894
img_47.tif,63,89108
img_470.tif,39,354885
img_471.tif,29,352215
img_472.tif,23,17940
img_473.tif,5,2228
img_474.tif,0,0
img_475.tif,27,299980
img_476.tif,3,4973
img_477.tif,30,300555
img_478.tif,4,935
img_479.tif,19,52445
img_48.tif,9,4931
img_480.tif,26,336374
img_481.tif,10,18820
img_482.tif,21,15393
img_483.tif,3,1987
img_484.tif,0,0
img_485.tif,7,2408
img_486.tif,18,299646
img_487.tif,9,3408
img_488.tif,4,36243
img_489.tif,14,13699
img_49.tif,64,274813
img_490.tif,5,262449
img_491.tif,6,9999
img_492.tif,2,9876
img_493.tif,33,289954
img_494.tif,22,20719
img_495.tif,3,257854
img_496.tif,1,1177
img_497.tif,0,0
img_498.tif,0,0
img_499.tif,3,9760
img_5.tif,8,12711
img_50.tif,52,16704
img_500.tif,15,257315
img_501.tif,25,2645
img_502.tif,0,0
img_503.tif,20,1976
img_504.tif,24,257376
img_505.tif,0,0
img_506.tif,23,28475
img_507.tif,48,104515
img_508.tif,70,441654
img_509.tif,69,59029
img_51.tif,25,438554
img_510.tif,26,295058
img_511.tif,19,30475
img_512.tif,22,33894
img_513.tif,7,2779
img_514.tif,13,32059
img_515.tif,16,267496
img_516.tif,5,2549
img_517.tif,15,275296
img_518.tif,0,0
img_519.tif,9,7214
img_52.tif,63,57552
img_520.tif,11,7078
img_521.tif,25,42766
img_522.tif,34,372672
img_523.tif,4,501
img_524.tif,4,128
img_525.tif,0,0
img_526.tif,4,425030
img_527.tif,23,102133
img_528.tif,0,0
img_529.tif,6,1820
img_53.tif,33,24788
img_530.tif,147,371727
img_531.tif,15,10046
img_532.tif,6,378
img_533.tif,21,34894
img_534.tif,15,1018
img_535.tif,12,29236
img_536.tif,6,1987
img_537.tif,92,577284
img_538.tif,25,9161
img_539.tif,25,25265
img_54.tif,45,11005
img_540.tif,26,7290
img_541.tif,34,14360
img_542.tif,5,1182
img_543.tif,171,262022
img_544.tif,22,4312
img_545.tif,22,35395
img_546.tif,5,890
img_547.tif,7,13478
img_548.tif,32,477886
img_549.tif,31,21702
img_55.tif,11,319683
img_550.tif,11,6332
img_551.tif,125,36583
img_552.tif,152,378571
img_553.tif,59,16957
img_554.tif,1,1325
img_555.tif,146,64746
img_556.tif,28,152741
img_557.tif,17,5054
img_558.tif,4,3464
img_559.tif,55,612551
img_56.tif,31,15564
img_560.tif,18,309053
img_561.tif,10,270960
img_562.tif,19,18080
img_563.tif,2,4241
img_564.tif,5,6423
img_565.tif,17,287614
img_566.tif,2,1481
img_567.tif,9,22153
img_568.tif,3,836
img_569.tif,1,238
img_57.tif,23,4481
img_570.tif,4,4747
img_571.tif,19,269700
img_572.tif,14,275337
img_573.tif,8,9872
img_574.tif,7,7711
img_575.tif,9,2001
img_576.tif,9,10236
img_577.tif,25,276355
img_578.tif,5,6815
img_579.tif,15,2196
img_58.tif,42,21805
img_580.tif,25,293854
img_581.tif,8,6629
img_582.tif,11,9586
img_583.tif,36,37874
img_584.tif,55,289142
img_585.tif,20,18840
img_586.tif,21,88620
img_587.tif,34,129394
img_588.tif,40,173773
img_589.tif,1,226
img_59.tif,46,17357
img_590.tif,32,254807
img_591.tif,10,3884
img_592.tif,78,460017
img_593.tif,99,47396
img_594.tif,1,610
img_595.tif,44,285009
img_596.tif,33,18368
img_597.tif,15,5860
img_598.tif,4,1417
img_599.tif,34,18093
img_6.tif,17,340710
img_60.tif,59,33563
img_600.tif,12,20281
img_601.tif,0,0
img_602.tif,1,253
img_603.tif,26,33768
img_604.tif,11,270237
img_605.tif,9,21548
img_606.tif,12,262934
img_607.tif,12,14329
img_608.tif,9,18421
img_609.tif,0,0
img_61.tif,77,59913
img_610.tif,5,269817
img_611.tif,1,75
img_612.tif,4,486
img_613.tif,16,27959
img_614.tif,0,0
img_615.tif,17,282310
img_616.tif,30,276066
img_617.tif,38,76316
img_618.tif,10,13245
img_619.tif,23,14309
img_62.tif,165,328104
img_620.tif,15,315122
img_621.tif,3,226
img_622.tif,0,0
img_623.tif,2,13599
img_624.tif,8,44102
img_625.tif,12,54166
img_626.tif,14,341349
img_627.tif,32,61967
img_628.tif,39,8789
img_629.tif,25,39952
img_63.tif,53,323878
img_630.tif,13,271073
img_631.tif,25,21254
img_632.tif,4,663
img_633.tif,6,11971
img_634.tif,13,5735
img_635.tif,19,283850
img_636.tif,1,437
img_637.tif,1,1137
img_638.tif,6,3153
img_639.tif,28,269754
img_64.tif,11,2513
img_640.tif,120,494309
img_641.tif,28,45328
img_642.tif,57,168526
img_643.tif,97,441456
img_644.tif,1,463
img_645.tif,114,565988
img_646.tif,38,61113
img_647.tif,10,11805
img_648.tif,107,631041
img_649.tif,6,13382
img_65.tif,21,326179
img_650.tif,50,132298
img_651.tif,16,31166
img_652.tif,78,289272
img_653.tif,67,609974
img_654.tif,3,11595
img_655.tif,75,200781
img_656.tif,8,20518
img_657.tif,98,517645
img_658.tif,33,72210
img_659.tif,109,630445
img_66.tif,46,19292
img_660.tif,71,48163
img_661.tif,2,409
img_662.tif,67,35989
img_663.tif,48,23391
img_664.tif,74,340439
img_665.tif,71,467579
img_666.tif,15,14145
img_667.tif,56,62003
img_668.tif,45,152168
img_669.tif,19,37007
img_67.tif,18,330178
img_670.tif,49,321625
img_671.tif,50,335182
img_672.tif,38,17604
img_673.tif,1,329
img_674.tif,32,13069
img_675.tif,91,258767
img_676.tif,86,208944
img_677.tif,2,2302
img_678.tif,24,26246
img_679.tif,35,45304
img_68.tif,44,49897
img_680.tif,70,17858
img_681.tif,8,4154
img_682.tif,297,478509
img_683.tif,156,117918
img_684.tif,4,21
img_685.tif,93,165538
img_686.tif,47,59076
img_687.tif,1,80
img_688.tif,157,226056
img_689.tif,125,167499
img_69.tif,17,263092
img_690.tif,149,478509
img_691.tif,71,154803
img_692.tif,26,59740
img_693.tif,115,126679
img_694.tif,182,541385
img_695.tif,141,507880
img_696.tif,120,503965
img_697.tif,81,106357
img_698.tif,47,59466
img_699.tif,11,29863
img_7.tif,113,53934
img_70.tif,68,363311
img_700.tif,95,478300
img_701.tif,36,109464
img_702.tif,78,213611
img_703.tif,18,32013
img_704.tif,24,29353
img_705.tif,1,25
img_706.tif,27,357363
img_707.tif,17,332187
img_708.tif,1,93
img_709.tif,19,18177
img_71.tif,42,293026
img_710.tif,8,15092
img_711.tif,4,1878
img_712.tif,18,278124
img_713.tif,19,242696
img_714.tif,10,4332
img_715.tif,34,288828
img_716.tif,2,11342
img_717.tif,27,271910
img_718.tif,4,1683
img_719.tif,8,15316
img_72.tif,2,210
img_720.tif,5,1933
img_721.tif,132,100900
img_722.tif,236,382981
img_723.tif,60,28207
img_724.tif,254,385877
img_725.tif,3,2519
img_726.tif,5,3598
img_727.tif,9,10103
img_728.tif,19,279869
img_729.tif,23,292987
img_73.tif,51,19390
img_730.tif,21,68603
img_731.tif,14,78954
img_732.tif,29,164630
img_733.tif,32,366358
img_734.tif,0,0
img_735.tif,13,408406
img_736.tif,1,263
img_737.tif,3,12047
img_738.tif,24,308062
img_739.tif,14,16360
img_74.tif,32,351056
img_740.tif,1,476
img_741.tif,30,323981
img_742.tif,8,19121
img_743.tif,36,362984
img_744.tif,27,31005
img_745.tif,76,298443
img_746.tif,4,674
img_747.tif,29,98117
img_748.tif,41,106846
img_749.tif,32,87680
img_75.tif,13,277364
img_750.tif,43,471970
img_751.tif,36,120474
img_752.tif,0,0
img_753.tif,18,12865
img_754.tif,9,6616
img_755.tif,1,2
img_756.tif,9,11882
img_757.tif,72,108269
img_758.tif,11,12109
img_759.tif,75,494525
img_76.tif,9,1044
img_760.tif,24,262079
img_761.tif,4,1796
img_762.tif,7,2099
img_763.tif,1,6
img_764.tif,23,280889
img_765.tif,21,16856
img_766.tif,235,183189
img_767.tif,232,183306
img_768.tif,1,273
img_769.tif,164,111300
img_77.tif,46,14322
img_770.tif,116,69612
img_771.tif,175,92071
img_772.tif,241,174342
img_773.tif,34,12828
img_774.tif,171,190246
img_775.tif,0,0
img_776.tif,31,24842
img_777.tif,194,403128
img_778.tif,258,517767
img_779.tif,56,44546
img_78.tif,13,276388
img_780.tif,158,264333
img_781.tif,0,0
img_782.tif,244,438365
img_783.tif,84,136288
img_784.tif,201,320393
img_785.tif,59,102047
img_786.tif,73,212541
img_787.tif,2,2802
img_788.tif,51,67514
img_789.tif,102,365393
img_79.tif,22,8306
img_790.tif,67,158298
img_791.tif,118,537137
img_792.tif,12,24913
img_793.tif,39,72437
img_794.tif,98,224600
img_795.tif,25,78235
img_796.tif,89,413162
img_797.tif,14,40112
img_798.tif,21,56138
img_799.tif,12,14285
img_8.tif,15,21778
img_80.tif,19,7967
img_800.tif,81,253607
img_801.tif,144,411200
img_802.tif,46,86044
img_803.tif,96,262218
img_804.tif,1,680
img_805.tif,75,197849
img_806.tif,1,55
img_807.tif,41,67410
img_808.tif,12,15722
img_809.tif,128,669386
img_81.tif,0,0
img_810.tif,32,283989
img_811.tif,38,295694
img_812.tif,43,91128
img_813.tif,22,68314
img_814.tif,6,5599
img_815.tif,29,38930
img_816.tif,47,440008
img_817.tif,0,0
img_818.tif,34,41553
img_819.tif,37,320498
img_82.tif,112,312471
img_820.tif,68,80672
img_821.tif,180,489343
img_822.tif,156,350271
img_823.tif,2,241
img_824.tif,106,94527
img_825.tif,39,485540
img_826.tif,50,332621
img_827.tif,27,30890
img_828.tif,37,283556
img_829.tif,0,0
img_83.tif,35,25639
img_830.tif,71,225340
img_831.tif,67,418494
img_832.tif,20,19071
img_833.tif,41,178527
img_834.tif,14,38467
img_835.tif,31,35952
img_836.tif,8,4032
img_837.tif,134,430829
img_838.tif,103,179062
img_839.tif,33,47845
img_84.tif,83,299944
img_840.tif,9,26829
img_841.tif,47,407198
img_842.tif,26,181999
img_843.tif,24,60255
img_844.tif,33,219588
img_845.tif,20,71604
img_846.tif,12,276098
img_847.tif,8,19935
img_848.tif,24,282844
img_849.tif,5,13912
img_85.tif,24,337317
img_850.tif,30,9538
img_851.tif,15,13771
img_852.tif,4,5763
img_853.tif,33,349340
img_854.tif,24,260500
img_855.tif,2,2
img_856.tif,59,284529
img_857.tif,24,9465
img_858.tif,38,16827
img_859.tif,53,22308
img_86.tif,0,0
img_860.tif,4,1929
img_861.tif,44,30547
img_862.tif,9,4093
img_863.tif,92,330150
img_864.tif,66,309652
img_865.tif,67,16855
img_866.tif,3,2281
img_867.tif,103,361668
img_868.tif,46,19295
img_869.tif,86,330667
img_87.tif,1,545
img_870.tif,79,311980
img_871.tif,23,99884
img_872.tif,49,149762
img_873.tif,19,51439
img_874.tif,85,365916
img_875.tif,27,21249
img_876.tif,202,579111
img_877.tif,164,500091
img_878.tif,5,737
img_879.tif,60,43900
img_88.tif,17,51460
img_880.tif,240,668371
img_881.tif,111,114278
img_882.tif,119,102399
img_883.tif,26,19089
img_884.tif,101,70601
img_885.tif,7,1486
img_886.tif,42,40414
img_887.tif,150,364239
img_888.tif,11,3866
img_889.tif,47,42940
img_89.tif,11,4479
img_890.tif,21,37044
img_891.tif,64,135112
img_892.tif,89,535058
img_893.tif,38,83381
img_894.tif,8,4831
img_895.tif,36,12306
img_896.tif,128,389958
img_897.tif,66,58556
img_898.tif,59,53130
img_899.tif,92,80240
img_9.tif,38,289724
img_90.tif,6,264239
img_900.tif,76,33499
img_901.tif,23,285418
img_902.tif,18,12962
img_903.tif,1,550
img_904.tif,11,7927
img_905.tif,8,5196
img_906.tif,5,2536
img_907.tif,98,39492
img_908.tif,58,24074
img_909.tif,107,291258
img_91.tif,16,9170
img_910.tif,23,5722
img_911.tif,4,3277
img_912.tif,33,273719
img_913.tif,0,0
img_914.tif,37,29851
img_915.tif,1,193
img_916.tif,1,175
img_917.tif,4,489354
img_918.tif,1,465
img_919.tif,2,4924
img_92.tif,1,247
img_920.tif,1,250
img_921.tif,6,2650
img_922.tif,23,65865
img_923.tif,29,320032
img_924.tif,16,9616
img_925.tif,9,4457
img_926.tif,6,258735
img_927.tif,1,508
img_928.tif,2,257221
img_929.tif,2,257424
img_93.tif,2,699
img_930.tif,44,264969
img_931.tif,16,13116
img_932.tif,0,0
img_933.tif,7,1938
img_934.tif,42,276948
img_935.tif,41,34340
img_936.tif,30,26137
img_937.tif,24,23740
img_938.tif,52,298443
img_939.tif,8,2163
img_94.tif,1,606
img_940.tif,0,0
img_941.tif,17,269044
img_942.tif,41,468471
img_943.tif,65,73876
img_944.tif,32,364629
img_945.tif,221,122116
img_946.tif,39,17597
img_947.tif,16,9696
img_948.tif,308,419525
img_949.tif,17,4555
img_95.tif,5,7993
img_950.tif,79,326071
img_951.tif,92,36045
img_952.tif,139,67189
img_953.tif,182,65587
img_954.tif,58,33267
img_955.tif,68,72873
img_956.tif,32,31330
img_957.tif,108,357999
img_958.tif,180,412918
img_959.tif,13,4304
img_96.tif,16,263995
img_960.tif,7,340380
img_961.tif,0,0
img_962.tif,7,352328
img_963.tif,5,7799
img_964.tif,21,62448
img_965.tif,36,46430
img_966.tif,38,60988
img_967.tif,3,601
img_968.tif,21,288225
img_969.tif,11,12507
img_97.tif,44,293583
img_970.tif,12,157167
img_971.tif,3,126682
img_972.tif,6,2841
img_973.tif,32,18833
img_974.tif,5,293092
img_975.tif,9,6756
img_976.tif,2,836
img_977.tif,24,322771
img_978.tif,20,57773
img_979.tif,13,25805
img_98.tif,13,273411
img_980.tif,1,77
img_981.tif,87,322607
img_982.tif,51,403954
img_983.tif,34,70453
img_984.tif,11,5356
img_985.tif,42,20851
img_986.tif,29,339948
img_987.tif,10,13283
img_988.tif,37,27078
img_989.tif,7,79594
img_99.tif,33,23737
img_990.tif,5,2231
img_991.tif,24,1017
img_992.tif,19,300250
img_993.tif,2,4
img_994.tif,10,5062
img_995.tif,16,57437
img_996.tif,13,125273
img_997.tif,25,271837
img_998.tif,15,51780
img_999.tif,1,871
